{"cameraMode":{"drawMode":0,"name":"Shaded","section":"Shading Mode"},"sceneLighting":false,"audioPlay":false,"sceneViewState":{"m_AlwaysRefresh":false,"showFog":true,"showSkybox":false,"showFlares":true,"showImageEffects":true,"showParticleSystems":true,"showVisualEffectGraphs":true,"m_FxEnabled":true},"in2DMode":false,"pivot":{"x":-3.507835865020752,"y":0.9579070806503296,"z":-3.6441283226013185},"rotation":{"x":0.012295132502913475,"y":0.5727196931838989,"z":-0.008591442368924618,"w":0.8196138739585877},"size":0.999332845211029,"orthographic":false}