{"cameraMode":{"drawMode":0,"name":"Shaded","section":"Shading Mode"},"sceneLighting":true,"audioPlay":false,"sceneViewState":{"m_AlwaysRefresh":false,"showFog":true,"showSkybox":false,"showFlares":true,"showImageEffects":true,"showParticleSystems":true,"showVisualEffectGraphs":true,"m_FxEnabled":true},"in2DMode":false,"pivot":{"x":-0.20528553426265717,"y":-0.6851547956466675,"z":-0.19606541097164155},"rotation":{"x":0.16272659599781037,"y":0.02367759309709072,"z":-0.003907681442797184,"w":0.9863859415054321},"size":0.8660253882408142,"orthographic":false}