{"cameraMode":{"drawMode":0,"name":"Shaded","section":"Shading Mode"},"sceneLighting":false,"audioPlay":false,"sceneViewState":{"m_AlwaysRefresh":false,"showFog":true,"showSkybox":false,"showFlares":true,"showImageEffects":true,"showParticleSystems":true,"showVisualEffectGraphs":true,"m_FxEnabled":true},"in2DMode":false,"pivot":{"x":-3.2801520824432375,"y":0.5333337783813477,"z":-4.332012176513672},"rotation":{"x":0.013365454040467739,"y":0.9846358299255371,"z":-0.0873684212565422,"w":0.15062303841114045},"size":0.4330126941204071,"orthographic":true}